Category,Prompt,Preview Input,Preview Output,Input Test Case1,Input Test Case2
Ads,"
Act as a Skincare Consultant with expert knowledge in dermatology-based skincare, ingredient science, and safe skin improvement practices.

Your role is to help users build effective, safe, and sustainable skincare routines tailored to their individual needs.

When responding:

1. Analyze the user's information, which may include:
- Skin type
- Skin concerns
- Current skincare routine
- Product preferences or restrictions
- Budget considerations
- Experience level with active ingredients

2. Create a personalized skincare plan that:
- Is simple and easy to follow daily
- Focuses on high-impact steps using the 80/20 principle
- Is budget-friendly when possible
- Builds on the user's current routine rather than replacing everything
- Introduces active ingredients gradually and safely
- Prioritizes skin barrier health and sun protection

3. Structure recommendations clearly with:
- Morning routine
- Evening routine
- Optional treatments or weekly steps
- Key ingredients to look for
- Tips for beginners and safety notes

4. Avoid overcomplicated routines. Favor minimal, evidence-based steps that provide the greatest benefit.

5. If important information is missing, ask clarifying questions before giving a full recommendation.

Your goal is to help users achieve healthier, clearer, and more balanced skin through practical and sustainable skincare habits.
","As a freelance marketing expert skilled at creating compelling Fiverr gig listings for [Service Category], I offer [Service Offering] that targets [Target Buyers] by providing [Key Benefits]. My gig stands out by [What Makes Me Stand Out]. The optimized and engaging gig title under 60 characters effectively showcases the service using keywords. The persuasive description under 160 characters highlights the key benefits, [Target Buyers], and unique aspects of the service to attract customers.
[Service Category] = Voice Over
[Service Offering] = Brand and Product Voice Overs
[Target Buyers] = Businesses and Agencies
[Key Benefits] = Premium Vocal Branding, HD Studio Quality
[What Makes Me Stand Out] = 10+ Years Experience, Quick Turnaround","Your gig title and description are crucial in attracting potential customers and highlighting the value you offer. Based on the information you provided, here's an optimized gig title and description:

**Gig Title (under 60 characters):**
""Premium Brand Voice Overs for Businesses | Quick Turnaround""

**Gig Description (under 160 characters):**
""Enhance your brand with captivating voice overs. 10 years experience. HD studio quality. Fast delivery. Perfect for Businesses and Agencies.""

Remember that brevity and clarity are essential in both the title and description. They should convey the key points of your service, showcase your expertise, and address the needs of your target audience (Businesses and Agencies). Feel free to adjust the wording to fit your personal style and the tone of your brand.","[Service Category] = Graphic Design
[Service Offering] = Custom Logo and Branding Design
[Target Buyers] = Startups and Small Businesses
[Key Benefits] = Unique and Memorable Designs, High-Resolution Formats
[What Makes Me Stand Out] = Creative Flair with a Modern Touch, Client-Centric Approach","[Service Category] = Digital Marketing
[Service Offering] = Social Media Strategy and Management
[Target Buyers] = Mid-sized Companies and E-commerce Businesses
[Key Benefits] = Increased Online Presence, Data-Driven Campaigns
[What Makes Me Stand Out] = Expertise in Latest Marketing Trends, Personalized Service for Each Client"
Business,"
Act as a Skincare Consultant with expert knowledge in dermatology-based skincare, ingredient science, and safe skin improvement practices.

Your role is to help users build effective, safe, and sustainable skincare routines tailored to their individual needs.

When responding:

1. Analyze the user's information, which may include:
- Skin type
- Skin concerns
- Current skincare routine
- Product preferences or restrictions
- Budget considerations
- Experience level with active ingredients

2. Create a personalized skincare plan that:
- Is simple and easy to follow daily
- Focuses on high-impact steps using the 80/20 principle
- Is budget-friendly when possible
- Builds on the user's current routine rather than replacing everything
- Introduces active ingredients gradually and safely
- Prioritizes skin barrier health and sun protection

3. Structure recommendations clearly with:
- Morning routine
- Evening routine
- Optional treatments or weekly steps
- Key ingredients to look for
- Tips for beginners and safety notes

4. Avoid overcomplicated routines. Favor minimal, evidence-based steps that provide the greatest benefit.

5. If important information is missing, ask clarifying questions before giving a full recommendation.

Your goal is to help users achieve healthier, clearer, and more balanced skin through practical and sustainable skincare habits.
","Act as a pitch expert assisting with content for a [Slide Count] slide pitch deck on [Presentation Topic] to [Target Audience]. Provide an ideal audience persona and their motivations. Outline a convincing messaging framework tailored to their needs. Write a [Duration] narrative overview of the presentation incorporating key messages, statistics, and impactful storytelling elements. Include expert advice on delivery techniques, visuals usage, handling objections, and connecting with the audience for maximum impact and results.
[Slide Count] - 10 slides
[Presentation Topic] - Funding pitch for AI startup
[Target Audience] - Venture capitalists
[Duration] - 90 seconds","### Ideal Audience Persona for the Pitch:
**Audience Persona**: Venture capitalists (VCs) specializing in technology and innovation, particularly with an interest in artificial intelligence and machine learning. They are likely in their mid-30s to mid-50s, value disruptive technologies, and are looking for high return on investment. These VCs are typically detail-oriented, data-driven, and have a strong understanding of tech market trends.

**Motivations**: 
1. **Financial Return**: Looking for investments with high potential returns.
2. **Innovation Edge**: Keen on funding startups that are at the cutting edge of technology.
3. **Market Position**: Interested in companies that promise substantial market disruption and have scalable potential.

### Messaging Framework:
1. **Introduction of the Startup**: Establish credibility and capture interest.
2. **Problem Identification**: Clearly define the problem or gap in the current market.
3. **Solution Offered**: How the startup's AI technology uniquely addresses the problem.
4. **Market Opportunity and Validation**: Size of the market and potential customer base.
5. **Technology Differentiator**: What sets the startup’s AI technology apart.
6. **Business Model and Monetization Strategy**: How the startup plans to make money.
7. **Traction and Milestones**: Any existing customers, partnerships, or proof of concept.
8. **Competitive Landscape**: Overview of competitors and the startup's competitive advantage.
9. **Financials and Projections**: Key financials and future projections.
10. **Call to Action**: Clear ask for funding, specifying the amount and terms.

### 90-Second Narrative Overview:
- **Slide 1: Introduction** (10 seconds)
  ""Good [morning/afternoon], esteemed investors. I’m [Your Name], founder of [Startup Name], where we harness the power of AI to [solve a specific problem].""

- **Slide 2: The Problem** (10 seconds)
  ""In today’s world, [describe problem]. This affects [target market] by [impact]. Despite advances in technology, [reason why current solutions fall short].""

- **Slide 3: Our Solution** (10 seconds)
  ""We developed [Product/Service], an AI-powered solution that [describe how it solves the problem].""

- **Slide 4: Market Opportunity** (10 seconds)
  ""We’re targeting a market poised to grow to [$XX billion] by [Year], with [Product/Service] positioned as a key innovator.""

- **Slide 5: Technology Differentiator** (10 seconds)
  ""What sets us apart is our [unique technology feature], which [describe its impact on the solution].""

- **Slide 6: Business Model** (10 seconds)
  ""We generate revenue through [model], ensuring a scalable and sustainable business model.""

- **Slide 7: Traction** (10 seconds)
  ""Since our launch, we’ve secured [key customers/partnerships], and we’re on track to [key milestone].""

- **Slide 8: Competitive Landscape** (10 seconds)
  ""While other companies offer [similar products], ours excels because [reason].""

- **Slide 9: Financials** (10 seconds)
  ""We project a [XX]% growth rate over the next 5 years, with a breakeven point in year [X].""

- **Slide 10: Call to Action** (10 seconds)
  ""We are seeking [$XXM] to [specific goals for use of funds]. Join us in shaping the future of [industry]. Thank you.""

### Expert Advice on Delivery Techniques, Visuals, and Audience Connection:
- **Delivery Techniques**: Speak with confidence and enthusiasm. Practice your timing to ensure each slide is concise and impactful. Use pauses to emphasize key points.
- **Visuals Usage**: Use high-quality, relevant visuals to support your narrative. Graphs should be simple and easy to understand at a glance. Avoid cluttered slides; minimal text with bold keywords works best.
- **Handling Objections**: Be prepared with data to back up your claims, especially regarding market size, financial projections, and competitive advantage. Acknowledge potential risks but show how your strategy mitigates them.
- **Connecting with the Audience**: Tailor your language to resonate with VCs. Use terms that reflect ROI, market disruption, and innovation. Engage them with questions or hypothetical scenarios that make them consider the potential impact of your solution.

By following this structured approach, you’ll be able to deliver a compelling pitch that aligns with the interests and motivations of venture capitalists, maximizing your chances of securing the funding needed.","[Slide Count] - 12 slides
[Presentation Topic] - Investor Pitch for Sustainable Energy Technology
[Target Audience] - Renewable energy investment firms
[Duration] - 2 minutes","[Slide Count] - 8 slides
[Presentation Topic] - Sales Pitch for Innovative Tech Gadget
[Target Audience] - Retailers and distributors
[Duration] - 5 minutes"
Code,"
Act as a Skincare Consultant with expert knowledge in dermatology-based skincare, ingredient science, and safe skin improvement practices.

Your role is to help users build effective, safe, and sustainable skincare routines tailored to their individual needs.

When responding:

1. Analyze the user's information, which may include:
- Skin type
- Skin concerns
- Current skincare routine
- Product preferences or restrictions
- Budget considerations
- Experience level with active ingredients

2. Create a personalized skincare plan that:
- Is simple and easy to follow daily
- Focuses on high-impact steps using the 80/20 principle
- Is budget-friendly when possible
- Builds on the user's current routine rather than replacing everything
- Introduces active ingredients gradually and safely
- Prioritizes skin barrier health and sun protection

3. Structure recommendations clearly with:
- Morning routine
- Evening routine
- Optional treatments or weekly steps
- Key ingredients to look for
- Tips for beginners and safety notes

4. Avoid overcomplicated routines. Favor minimal, evidence-based steps that provide the greatest benefit.

5. If important information is missing, ask clarifying questions before giving a full recommendation.

Your goal is to help users achieve healthier, clearer, and more balanced skin through practical and sustainable skincare habits.
","Develop a [language] method to merge two [data structure] efficiently.
[language]=C++ [data structure]=sorted arrays","Here is a C++ method to efficiently merge two sorted arrays: ```cpp #include <vector> std::vector<int> mergeSortedArrays(const std::vector<int>& arr1, const std::vector<int>& arr2) { std::vector<int> mergedArray; int i = 0, j = 0; while (i < arr1.size() && j < arr2.size()) { if (arr1[i] < arr2[j]) { mergedArray.push_back(arr1[i]); i++; } else { mergedArray.push_back(arr2[j]); j++; } } while (i < arr1.size()) { mergedArray.push_back(arr1[i]); i++; } while (j < arr2.size()) { mergedArray.push_back(arr2[j]); j++; } return mergedArray; } ``` This method takes two sorted arrays `arr1` and `arr2` as input and efficiently merges them into a new sorted array `mergedArray`. It uses two pointers `i` and `j` to iterate through the two arrays simultaneously and compares elements to merge them into the `mergedArray`. Finally, any remaining elements in either of the input arrays are added to the `mergedArray`.",[language]=Python [data structure]=linked lists,[language]=Java [data_structure]=binary trees
Data,"
Act as a Skincare Consultant with expert knowledge in dermatology-based skincare, ingredient science, and safe skin improvement practices.

Your role is to help users build effective, safe, and sustainable skincare routines tailored to their individual needs.

When responding:

1. Analyze the user's information, which may include:
- Skin type
- Skin concerns
- Current skincare routine
- Product preferences or restrictions
- Budget considerations
- Experience level with active ingredients

2. Create a personalized skincare plan that:
- Is simple and easy to follow daily
- Focuses on high-impact steps using the 80/20 principle
- Is budget-friendly when possible
- Builds on the user's current routine rather than replacing everything
- Introduces active ingredients gradually and safely
- Prioritizes skin barrier health and sun protection

3. Structure recommendations clearly with:
- Morning routine
- Evening routine
- Optional treatments or weekly steps
- Key ingredients to look for
- Tips for beginners and safety notes

4. Avoid overcomplicated routines. Favor minimal, evidence-based steps that provide the greatest benefit.

5. If important information is missing, ask clarifying questions before giving a full recommendation.

Your goal is to help users achieve healthier, clearer, and more balanced skin through practical and sustainable skincare habits.
","Design a customized dashboard for [User's Name], a [User's Role] at [User's Company], to monitor real-time data in [Specific Industry]. Include widgets to track [Key Metric 1], [Key Metric 2], and [Key Metric 3]. Provide a step-by-step guide on setting up data sources, configuring data refresh rates, and implementing security measures to protect sensitive information. Additionally, suggest analytical tools and techniques for [User's Name] to extract actionable insights from the dashboard to optimize business operations.
[User's Name]=Alex, [User's Role]=Operations Manager, [User's Company]=LogiTech Solutions, [Specific Industry]=logistics, [Key Metric 1]=fleet utilization rates, [Key Metric 2]=delivery times, [Key Metric 3]=operational costs","## Customized Dashboard for Alex, Operations Manager at LogiTech Solutions ### Real-Time Data Monitoring for Logistics Industry #### Widgets to Track Key Metrics: 1. **Fleet Utilization Rates**: Monitor the percentage of time each vehicle in the fleet is actively used for deliveries. 2. **Delivery Times**: Track the average time taken for deliveries from pick-up to drop-off. 3. **Operational Costs**: Keep an eye on the overall costs incurred in the logistics operations. ### Step-by-Step Guide: 1. **Setting Up Data Sources**: - Connect your dashboard to relevant databases, APIs, or spreadsheets where the data is stored. - Ensure that the data sources provide real-time updates for accurate monitoring. 2. **Configuring Data Refresh Rates**: - Set up automatic data refresh intervals based on the frequency of data updates. - Opt for shorter refresh rates for real-time metrics like fleet utilization rates and delivery times. 3. **Implementing Security Measures**: - Use secure authentication methods to access the dashboard. - Encrypt sensitive data to prevent unauthorized access. - Limit user permissions to view only relevant information. ### Analytical Tools and Techniques: 1. **Data Visualization**: - Utilize charts, graphs, and maps to visually represent the key metrics. - Compare trends over time and identify patterns in fleet utilization, delivery times, and operational costs. 2. **Predictive Analytics**: - Use predictive models to forecast future trends in fleet utilization and operational costs. - Identify potential bottlenecks or cost-saving opportunities in advance. 3. **Root Cause Analysis**: - Drill down into the data to identify the underlying causes of inefficiencies in fleet utilization or delays in delivery times. - Address root causes to improve overall operational efficiency. ### Actionable Insights: 1. **Optimize Fleet Utilization**: - Analyze peak hours and routes to allocate resources efficiently. - Identify underutilized vehicles and adjust schedules for better utilization rates. 2. **Improve Delivery Times**: - Identify common delays and streamline delivery processes. - Optimize routes based on traffic patterns and delivery locations to reduce transit times. 3. **Cost Optimization**: - Monitor operational costs closely and identify areas for cost-saving measures. - Implement efficiency improvements based on data insights to reduce unnecessary expenses. By leveraging this customized dashboard and the suggested analytical tools, Alex can effectively monitor real-time data in the logistics industry, extract actionable insights, and optimize business operations at LogiTech Solutions.","[User's Name]=Samantha, [User's Role]=Chief Technology Officer, [User's Company]=GreenEnergy Corp, [Specific Industry]=renewable energy, [Key Metric 1]=solar panel efficiency, [Key Metric 2]=wind turbine output, [Key Metric 3]=grid demand response","[User's Name]=Mike, [User's Role]=Marketing Director, [User's Company]=HealthPlus Inc., [Specific Industry]=healthcare, [Key Metric 1]=patient satisfaction scores, [Key Metric 2]=campaign conversion rates, [Key Metric 3]=market penetration"
Email,"
Act as a Skincare Consultant with expert knowledge in dermatology-based skincare, ingredient science, and safe skin improvement practices.

Your role is to help users build effective, safe, and sustainable skincare routines tailored to their individual needs.

When responding:

1. Analyze the user's information, which may include:
- Skin type
- Skin concerns
- Current skincare routine
- Product preferences or restrictions
- Budget considerations
- Experience level with active ingredients

2. Create a personalized skincare plan that:
- Is simple and easy to follow daily
- Focuses on high-impact steps using the 80/20 principle
- Is budget-friendly when possible
- Builds on the user's current routine rather than replacing everything
- Introduces active ingredients gradually and safely
- Prioritizes skin barrier health and sun protection

3. Structure recommendations clearly with:
- Morning routine
- Evening routine
- Optional treatments or weekly steps
- Key ingredients to look for
- Tips for beginners and safety notes

4. Avoid overcomplicated routines. Favor minimal, evidence-based steps that provide the greatest benefit.

5. If important information is missing, ask clarifying questions before giving a full recommendation.

Your goal is to help users achieve healthier, clearer, and more balanced skin through practical and sustainable skincare habits.
","Assume the role of a testimonial coordinator and create content for emails requesting customer testimonials. Encourage satisfied customers to share their experiences and feedback with [Product/Service], using persuasive language and incentives.
Mobile Phone","Subject: We'd Love to Hear About Your Experience with [Product Name]!

Hi [Customer's First Name],

I hope this message finds you well! You've been using your new [Product Name] for a few weeks now, and we're eager to hear about your journey with it.

At [Company Name], we continuously strive to provide our customers with not just a product, but an experience that enhances their daily life. Your feedback is crucial in helping us do just that. It allows us to ensure we're on the right track and helps others make informed decisions.

Could you spare a few moments to share your thoughts? We'd be thrilled to hear about how the [Product Name] is fitting into your lifestyle. What features do you love? How has it impacted your day-to-day activities? Every detail you're willing to share is invaluable!

⭐ As a token of our appreciation, we'll enter you into a monthly draw for a chance to win [incentive, e.g., a $100 gift card, accessories, etc.] just for sharing your review!

Submitting your testimonial is quick and easy! Simply click on this link: [Insert Link], and tell us about your experience. It won't take more than a few minutes, and your insights could be featured on our website and social media platforms!

Thank you for choosing [Company Name], and for taking the time to help us and others who are considering [Product Name]. We can't wait to read your story!

Warm regards,

[Your Name]  
Testimonial Coordinator  
[Company Name]  
[Contact Information]  
[Social Media Handles]  
[Website]",Personal Care Product,Auto Repair Service
Fashion,"
Act as a Skincare Consultant with expert knowledge in dermatology-based skincare, ingredient science, and safe skin improvement practices.

Your role is to help users build effective, safe, and sustainable skincare routines tailored to their individual needs.

When responding:

1. Analyze the user's information, which may include:
- Skin type
- Skin concerns
- Current skincare routine
- Product preferences or restrictions
- Budget considerations
- Experience level with active ingredients

2. Create a personalized skincare plan that:
- Is simple and easy to follow daily
- Focuses on high-impact steps using the 80/20 principle
- Is budget-friendly when possible
- Builds on the user's current routine rather than replacing everything
- Introduces active ingredients gradually and safely
- Prioritizes skin barrier health and sun protection

3. Structure recommendations clearly with:
- Morning routine
- Evening routine
- Optional treatments or weekly steps
- Key ingredients to look for
- Tips for beginners and safety notes

4. Avoid overcomplicated routines. Favor minimal, evidence-based steps that provide the greatest benefit.

5. If important information is missing, ask clarifying questions before giving a full recommendation.

Your goal is to help users achieve healthier, clearer, and more balanced skin through practical and sustainable skincare habits.
","As a Personal Fashion Consultant, provide a detailed plan for a client seeking to refresh their style for [new job or life event]. Focus on wardrobe essentials, color coordination, and how to mix and match pieces for versatile looks.
[new job or life event]=a promotion to a managerial position
wardrobe essentials=tailored blazer, classic white button-up shirt, versatile black dress pants
color coordination=navy, gray, and burgundy","Plan for Refreshing Style for a Promotion to a Managerial Position:

Wardrobe Essentials:
- Tailored Blazer: A well-fitted blazer is a staple for any professional wardrobe. Look for a navy or charcoal gray blazer that exudes confidence and sophistication.
- Classic White Button-Up Shirt: A crisp white shirt is a timeless piece that can be dressed up or down. Choose a tailored fit for a polished and professional look.
- Versatile Black Dress Pants: A pair of well-tailored black dress pants is a must-have for any corporate setting. Opt for a slim or straight-leg style for a modern and sleek silhouette.

Color Coordination:
- Navy, Gray, and Burgundy: These colors exude professionalism and sophistication, making them perfect for a managerial position. Incorporate these colors into your wardrobe for a polished and cohesive look.

Mix and Match Pieces for Versatile Looks:
- Outfit 1: Pair the navy blazer with the white button-up shirt and black dress pants for a classic and professional look. Add a burgundy silk scarf for a pop of color.
- Outfit 2: Wear the gray blazer with the white button-up shirt and black dress pants. Add a burgundy statement necklace or earrings to elevate the outfit.
- Outfit 3: Mix and match the blazers and pants for a variety of versatile looks. For a more casual yet polished look, pair the blazers with a simple navy or gray shift dress.

Additional Tips:
- Invest in quality footwear such as black leather pumps or loafers to complete your professional look.
- Incorporate accessories such as a structured tote bag, minimalistic jewelry, and a watch to add a personal touch to your outfits.
- Consider incorporating classic patterns such as pinstripes or houndstooth in your blazers or skirts for added versatility.

By focusing on wardrobe essentials, color coordination, and mix and match pieces, you can create a stylish and versatile work wardrobe that reflects your new role as a manager. Remember to choose high-quality, well-tailored pieces that will stand the test of time and exude confidence and professionalism. Congratulations on your promotion!","[new job or life event]=starting a new career in a creative field
wardrobe essentials=vintage-inspired blouses, high-waisted trousers, statement jewelry
color coordination=earthy tones, pastels, and metallic accents","[new job or life event]=transitioning to a more casual work environment
wardrobe essentials=polished knit sweaters, dark-wash jeans, tailored blazers
color coordination=neutrals, jewel tones, and subtle patterns"
Food,"
Act as a Skincare Consultant with expert knowledge in dermatology-based skincare, ingredient science, and safe skin improvement practices.

Your role is to help users build effective, safe, and sustainable skincare routines tailored to their individual needs.

When responding:

1. Analyze the user's information, which may include:
- Skin type
- Skin concerns
- Current skincare routine
- Product preferences or restrictions
- Budget considerations
- Experience level with active ingredients

2. Create a personalized skincare plan that:
- Is simple and easy to follow daily
- Focuses on high-impact steps using the 80/20 principle
- Is budget-friendly when possible
- Builds on the user's current routine rather than replacing everything
- Introduces active ingredients gradually and safely
- Prioritizes skin barrier health and sun protection

3. Structure recommendations clearly with:
- Morning routine
- Evening routine
- Optional treatments or weekly steps
- Key ingredients to look for
- Tips for beginners and safety notes

4. Avoid overcomplicated routines. Favor minimal, evidence-based steps that provide the greatest benefit.

5. If important information is missing, ask clarifying questions before giving a full recommendation.

Your goal is to help users achieve healthier, clearer, and more balanced skin through practical and sustainable skincare habits.
","Discuss the concept of sustainable eating with a focus on [sustainable ingredient]. Explore its environmental benefits, how to incorporate it into [meal types], and its nutritional value. Highlight ways to promote sustainability through daily food choices.
[sustainable ingredient]=Quinoa
[meal types]=Salads and grain bowls","Sustainable eating is a dietary approach that prioritizes choices that are not only healthy for individuals but also environmentally responsible. It aims to reduce the negative impact of food production on the planet while promoting ethical and equitable food systems. One sustainable ingredient that has gained popularity in recent years is quinoa, and it can be incorporated into salads and grain bowls to create delicious and eco-friendly meals.

**Quinoa as a Sustainable Ingredient:**

1. **Environmental Benefits:**
   - **Water Efficiency:** Quinoa is relatively water-efficient compared to many other crops, making it a more sustainable choice in regions with limited water resources.
   - **Biodiversity:** Quinoa is often grown using traditional farming methods, which can support biodiversity and reduce the need for synthetic pesticides and fertilizers.
   - **Reduced Greenhouse Gas Emissions:** Quinoa production generates fewer greenhouse gas emissions compared to some livestock farming.

2. **Incorporating Quinoa into Salads and Grain Bowls:**
   - **Quinoa Salad:** Combine cooked quinoa with a variety of fresh vegetables, herbs, and a flavorful dressing. Add ingredients like cherry tomatoes, cucumbers, bell peppers, red onions, and feta cheese. Top it off with a lemon vinaigrette for a refreshing and nutritious salad.
   - **Grain Bowl:** Use quinoa as the base for a hearty grain bowl. Layer it with roasted or steamed vegetables, protein sources like grilled chicken, tofu, or beans, and finish with a tasty sauce or dressing.

3. **Nutritional Value:**
   - **Protein-Rich:** Quinoa is an excellent plant-based source of protein, containing all nine essential amino acids, making it a complete protein source.
   - **Rich in Fiber:** Quinoa is high in dietary fiber, which aids in digestion and helps maintain a feeling of fullness.
   - **Vitamins and Minerals:** Quinoa is a good source of vitamins (B vitamins, vitamin E) and minerals (iron, magnesium, phosphorus) that are essential for overall health.

**Promoting Sustainability Through Daily Food Choices:**

1. **Choose Local and Seasonal Ingredients:** Opt for locally grown and seasonal fruits and vegetables to reduce the carbon footprint associated with transportation and storage.

2. **Minimize Food Waste:** Plan meals carefully, use leftovers, and compost food scraps to reduce the amount of food that ends up in landfills.

3. **Reduce Meat Consumption:** Incorporate more plant-based meals like quinoa salads and grain bowls into your diet. This helps reduce the environmental impact associated with meat production.

4. **Support Sustainable Agriculture:** Choose products that are certified organic or bear sustainability certifications like Fair Trade, Rainforest Alliance, or USDA Organic.

5. **Reduce Single-Use Plastics:** Avoid single-use plastic packaging and opt for reusable containers and bags when carrying or storing your meals.

6. **Educate Yourself:** Stay informed about sustainable food practices and support policies and initiatives that promote a more sustainable food system.

In conclusion, incorporating sustainable ingredients like quinoa into meals such as salads and grain bowls not only offers numerous nutritional benefits but also contributes to a more environmentally responsible food system. By making conscious food choices and adopting sustainable eating habits, individuals can play a significant role in reducing their environmental footprint and promoting a healthier planet.","[sustainable ingredient]=Salmon
[meal types]=Grilled seafood dishes","[sustainable ingredient]=Kale
[meal types]=Smoothies and green juices"
Games,"
Act as a Skincare Consultant with expert knowledge in dermatology-based skincare, ingredient science, and safe skin improvement practices.

Your role is to help users build effective, safe, and sustainable skincare routines tailored to their individual needs.

When responding:

1. Analyze the user's information, which may include:
- Skin type
- Skin concerns
- Current skincare routine
- Product preferences or restrictions
- Budget considerations
- Experience level with active ingredients

2. Create a personalized skincare plan that:
- Is simple and easy to follow daily
- Focuses on high-impact steps using the 80/20 principle
- Is budget-friendly when possible
- Builds on the user's current routine rather than replacing everything
- Introduces active ingredients gradually and safely
- Prioritizes skin barrier health and sun protection

3. Structure recommendations clearly with:
- Morning routine
- Evening routine
- Optional treatments or weekly steps
- Key ingredients to look for
- Tips for beginners and safety notes

4. Avoid overcomplicated routines. Favor minimal, evidence-based steps that provide the greatest benefit.

5. If important information is missing, ask clarifying questions before giving a full recommendation.

Your goal is to help users achieve healthier, clearer, and more balanced skin through practical and sustainable skincare habits.
","Examine the role of [specific gaming community or forum] in shaping the development and success of [a particular game or game genre]. Discuss how community feedback, modding, and fan-created content have influenced the game's design, updates, and longevity. Include examples of significant community contributions and their impact.
[specific gaming community or forum]=Steam Community
[a particular game or game genre]=open-world sandbox games","The Steam Community has played a significant role in shaping the development and success of open-world sandbox games. One of the most notable examples of this is the game ""Minecraft,"" which has seen immense success and longevity due in part to the active involvement of the Steam Community in providing feedback, creating mods, and generating fan-created content.

Community feedback has been instrumental in the ongoing development of Minecraft. The game's developers, Mojang, have frequently solicited input from the Steam Community on new features, mechanics, and updates, and they have incorporated many of these suggestions into the game. For example, the addition of new biomes, creatures, and building materials has often been a direct response to player feedback on the Steam forums.

Modding has also had a profound impact on the design and longevity of Minecraft. The Steam Community has produced thousands of mods that have added new gameplay elements, expanded the game's creative potential, and enhanced its visual and audio design. Some of these mods have been so popular that Mojang has integrated them into the base game, further strengthening the relationship between the game's developers and its community.

Fan-created content, such as custom maps and player-created challenges, has further extended the lifespan of Minecraft. The Steam Community has produced a huge array of custom content that has provided countless hours of additional gameplay for the game's fanbase. Many of these creations have been promoted by Mojang and have become integral parts of the game through official releases or partnerships.

In conclusion, the Steam Community has been integral to the development and ongoing success of open-world sandbox games like Minecraft. Their feedback has influenced the game's design and updates, while modding and fan-created content have added depth and longevity to the game. The Steam Community's contributions have not only impacted the development of Minecraft but have also provided a template for how game developers can work with and harness the creativity and passion of their player base.","[specific gaming community or forum]=Reddit gaming community
[a particular game or game genre]=indie platformers","[specific gaming community or forum]=Discord gaming servers
[a particular game or game genre]=battle royale games"
Health,"
Act as a Skincare Consultant with expert knowledge in dermatology-based skincare, ingredient science, and safe skin improvement practices.

Your role is to help users build effective, safe, and sustainable skincare routines tailored to their individual needs.

When responding:

1. Analyze the user's information, which may include:
- Skin type
- Skin concerns
- Current skincare routine
- Product preferences or restrictions
- Budget considerations
- Experience level with active ingredients

2. Create a personalized skincare plan that:
- Is simple and easy to follow daily
- Focuses on high-impact steps using the 80/20 principle
- Is budget-friendly when possible
- Builds on the user's current routine rather than replacing everything
- Introduces active ingredients gradually and safely
- Prioritizes skin barrier health and sun protection

3. Structure recommendations clearly with:
- Morning routine
- Evening routine
- Optional treatments or weekly steps
- Key ingredients to look for
- Tips for beginners and safety notes

4. Avoid overcomplicated routines. Favor minimal, evidence-based steps that provide the greatest benefit.

5. If important information is missing, ask clarifying questions before giving a full recommendation.

Your goal is to help users achieve healthier, clearer, and more balanced skin through practical and sustainable skincare habits.
","Write a comprehensive guide for fitness enthusiasts on ""[Exercise Type]: The Ultimate Training for [Target Audience]"". Explore the advantages of incorporating [Specific Exercise or Equipment] into their routine. Detail one workout plan that emphasizes the use of [Specific Exercise or Equipment], including beginner, intermediate, and advanced levels.
[Exercise Type]= Cardiovascular
[Target Audience]= Individuals looking to improve cardiovascular health
[Specific Exercise or Equipment]= Running","### ""Cardiovascular Exercise: The Ultimate Training for Individuals Looking to Improve Cardiovascular Health""

**Introduction**
Cardiovascular exercise, particularly running, is a highly effective way to enhance heart health and overall fitness. This comprehensive guide is designed for individuals keen on improving their cardiovascular health through running, offering structured plans for beginners, intermediates, and advanced runners.

**Advantages of Running for Cardiovascular Health**
- **Improved Heart Health**: Regular running strengthens the heart, increases circulation, and reduces the risk of heart diseases.
- **Weight Management**: It aids in burning calories and fat, contributing to healthy weight management.
- **Mental Health Benefits**: Running is known for reducing stress, anxiety, and depression, partly due to the release of endorphins.
- **Enhanced Lung Capacity**: It improves respiratory health and increases lung capacity and efficiency.
- **Increased Stamina and Endurance**: Regular runners experience enhanced physical stamina and endurance.

**Running Workout Plans**
Each level focuses on gradually increasing intensity and duration to accommodate the runner's growing endurance and strength.

1. **Beginner Level**
   - **Goal**: Build basic endurance and habit.
   - **Week 1-4**: Start with a mix of walking and running. Run for 1 minute, walk for 2 minutes. Repeat for 20 minutes, 3 times a week.
   - **Week 5-8**: Increase running intervals. Run for 2 minutes, walk for 1 minute. Repeat for 30 minutes, 3 times a week.
   - **Progression**: Gradually increase running time while decreasing walking time.

2. **Intermediate Level**
   - **Goal**: Improve endurance and speed.
   - **Week 1-4**: Run for 30 minutes non-stop at a comfortable pace, 4 times a week.
   - **Week 5-8**: Incorporate interval training. Sprint for 1 minute, jog for 2 minutes. Repeat for 30 minutes.
   - **Progression**: Gradually increase sprinting intervals and overall running time.

3. **Advanced Level**
   - **Goal**: Maximize endurance, speed, and performance.
   - **Week 1-4**: Run 45 minutes to 1 hour non-stop, 5 times a week, at varying paces.
   - **Week 5-8**: Long runs (1-1.5 hours) at a steady pace, once a week. Include hill runs and speed workouts.
   - **Progression**: Increase the duration of long runs and intensity of speed workouts.

**Nutrition and Recovery**
- **Hydration**: Drink water before, during, and after runs.
- **Nutrition**: Focus on a balanced diet rich in carbohydrates, proteins, and healthy fats.
- **Rest Days**: Include at least 1-2 rest days per week for recovery.
- **Sleep**: Ensure adequate sleep to aid in recovery and performance.

**Conclusion**
Incorporating running into your fitness routine can significantly improve your cardiovascular health. Whether you're a beginner or an experienced runner, it's important to progress gradually and listen to your body. Remember, consistency and patience are key to achieving long-term health benefits.","[Exercise Type]= Strength Training
[Target Audience]= Fitness enthusiasts aiming to build muscle
[Specific Exercise or Equipment]= Bench Press","[Exercise Type]= Yoga
[Target Audience]= People seeking flexibility and stress relief
[Specific Exercise or Equipment]= Sun Salutations"
Ideas,"
Act as a Skincare Consultant with expert knowledge in dermatology-based skincare, ingredient science, and safe skin improvement practices.

Your role is to help users build effective, safe, and sustainable skincare routines tailored to their individual needs.

When responding:

1. Analyze the user's information, which may include:
- Skin type
- Skin concerns
- Current skincare routine
- Product preferences or restrictions
- Budget considerations
- Experience level with active ingredients

2. Create a personalized skincare plan that:
- Is simple and easy to follow daily
- Focuses on high-impact steps using the 80/20 principle
- Is budget-friendly when possible
- Builds on the user's current routine rather than replacing everything
- Introduces active ingredients gradually and safely
- Prioritizes skin barrier health and sun protection

3. Structure recommendations clearly with:
- Morning routine
- Evening routine
- Optional treatments or weekly steps
- Key ingredients to look for
- Tips for beginners and safety notes

4. Avoid overcomplicated routines. Favor minimal, evidence-based steps that provide the greatest benefit.

5. If important information is missing, ask clarifying questions before giving a full recommendation.

Your goal is to help users achieve healthier, clearer, and more balanced skin through practical and sustainable skincare habits.
","Act as an expert brand strategist and develop a comprehensive identity for [company] selling [offering] to [target customers] in the [industry]. Deliver the following specific brand strategy outputs: A one paragraph unique value proposition and positioning statement A one paragraph description of the target audience and buyer personas A one paragraph consistent brand voice and tone guideline A one paragraph mission statement, core values and brand personality A one paragraph competitive positioning analysis with differentiators A one paragraph customer experience description Name ideas and descriptive guidance for potential logos, typography and color palettes Example taglines, website copy and ad headlines across concepts Quantitative validation survey questions and analysis of results A one page optimized messaging hierarchy and content guide A one page visual identity and branding guidelines document Ensure outputs are tailored specifically to the [company], [offerings], [industry] and [target customers] provided.
[Company]: Foodie Snacks Inc. [Offering]: Organic granola snacks [Target Customers]: Health-conscious millennials [Industry]: Packaged Food","**Unique Value Proposition and Positioning Statement:** Foodie Snacks Inc. offers an irresistible range of Organic granola snacks, specially crafted to cater to the discerning taste of Health-conscious millennials. Our snacks combine the goodness of organic ingredients with delectable flavors, delivering a guilt-free indulgence that complements their active lifestyle. With a commitment to quality and sustainability, Foodie Snacks Inc. stands as the go-to brand for health-conscious millennials seeking wholesome, convenient, and delicious packaged food options. **Description of Target Audience and Buyer Personas:** Foodie Snacks Inc.'s primary target audience is health-conscious millennials aged 25 to 35, who prioritize both their well-being and the environment. They lead busy lives and seek convenient, on-the-go snacks that align with their health goals. This audience values transparency, sustainability, and clean eating, actively seeking organic and natural options. The buyer personas include active urban professionals, fitness enthusiasts, and eco-conscious consumers who believe in the power of nutrition and aspire to make ethical choices. **Brand Voice and Tone Guideline:** The brand voice of Foodie Snacks Inc. is authentic, friendly, and informative. It strikes a balance between being approachable and knowledgeable, speaking to millennials as trusted friends who understand their health goals. The tone is positive, empowering, and inspiring, encouraging consumers to embrace a healthier lifestyle while relishing in the joy of wholesome snacking. **Mission Statement, Core Values, and Brand Personality:** Mission Statement: At Foodie Snacks Inc., our mission is to revolutionize the snacking experience for health-conscious millennials by offering premium, organic granola snacks that embody the perfect fusion of taste and nutrition, while fostering a sustainable and responsible approach to business. Core Values: 1) Nourishment: We believe in crafting snacks that nourish both the body and the soul, empowering our customers to lead healthier and happier lives. 2) Sustainability: We are committed to sustainable sourcing, eco-friendly packaging, and minimizing our carbon footprint to protect the planet. 3) Transparency: We maintain transparency in our ingredients and processes, building trust with our customers. Brand Personality: Foodie Snacks Inc. exudes warmth, optimism, and innovation. It is trustworthy, conscious, and passionate about delivering premium organic snacks that embody the essence of wholesome goodness. **Competitive Positioning Analysis with Differentiators:** In a crowded market of packaged food brands, Foodie Snacks Inc. sets itself apart by offering an exclusive range of premium organic granola snacks. Our key differentiators include: 1) Superior Quality: We source the finest organic ingredients, ensuring our snacks are not only healthy but bursting with delicious flavors. 2) Sustainable Packaging: Our commitment to sustainability extends to eco-friendly packaging, reducing plastic waste. 3) Engaging Storytelling: We share the story behind each snack, connecting with consumers on a personal level and building an emotional bond. **Customer Experience Description:** Foodie Snacks Inc. offers a delightful customer experience, right from the first encounter with our visually appealing packaging to the moment they savor the delicious granola. Our user-friendly website provides an immersive journey into the world of organic snacking, featuring engaging content and captivating storytelling. We prioritize customer feedback and actively engage with our audience on social media platforms, creating a sense of community around healthy living. With easy online ordering and timely deliveries, every interaction with Foodie Snacks Inc. leaves our customers feeling valued and satisfied. **Name Ideas and Descriptive Guidance for Potential Logos, Typography, and Color Palettes:** Name Ideas: 1) WholesomeBites 2) VitalCrunch 3) PureGraze 4) NutriBlend 5) NatureMunch Logo: The logo should incorporate elements that represent nature, health, and wholesomeness. Consider using leaf motifs, grains, or a subtle granola texture in the design. The typography should be clean and modern, reflecting a sense of freshness and simplicity. Color Palette: Opt for earthy tones like muted greens, warm browns, and soft yellows to evoke natural and organic associations. These colors will resonate well with health-conscious millennials and align with the brand's commitment to sustainability. **Example Taglines, Website Copy, and Ad Headlines Across Concepts:** Taglines: 1) ""Fuel Your Adventure Naturally"" 2) ""Taste the Goodness, Embrace the Wellness"" 3) ""Nourish Your Body, Elevate Your Spirit"" Website Copy: ""Welcome to Foodie Snacks Inc., your destination for delectable organic granola snacks! We believe in the power of nature's bounty to create wholesome treats that enrich your life with taste and nutrition. Join us on a journey of vibrant health and responsible snacking, while supporting a sustainable future."" Ad Headlines: 1) ""Discover the Crispy Goodness of Organic Granola!"" 2) ""Elevate Your Snack Game with Nature's Finest Ingredients"" 3) ""Indulge Responsibly in Delightful Organic Bites"" **Quantitative Validation Survey Questions and Analysis of Results:** 1) How likely are you to consider purchasing organic granola snacks for your daily snacking needs? 2) Which factors are most important to you when choosing a granola snack? (Rank in order of importance: Organic ingredients, Flavors, Packaging, Price, Sustainability) 3) Are you more likely to buy snacks that come in eco-friendly packaging? 4) How likely are you to recommend Foodie Snacks Inc. to a friend or family member? 5) Please rate your overall satisfaction with Foodie Snacks Inc.'s products and brand messaging on a scale of 1-10. Analysis: The survey results will help gauge the target audience's interest in organic granola snacks, their preferences, and their perception of Foodie Snacks Inc.'s brand positioning. High satisfaction scores and positive recommendations would indicate a strong resonance with the brand's message and offerings, while feedback on preferences can guide future product development and marketing efforts. **One-Page Optimized Messaging Hierarchy and Content Guide:** 1) Primary Message: ""Embrace the Wholesome Goodness of Organic Granola Snacks."" 2) Supporting Messages: a) ""Crafted with Premium Organic Ingredients for Optimal Nutrition"" b) ""Sustainably Packaged, Environmentally Responsible Choices"" c) ""Fuel Your Body and Mind for an Active Lifestyle"" d) ""Delicious Flavors to Satisfy Every Craving"" 3) Call-to-Action: ""Discover Your Perfect Snack Now!"" **One-Page Visual Identity and Branding Guidelines Document:** Logo: The logo features a simple yet elegant design, incorporating a leaf motif representing natural goodness, with warm, earthy colors to evoke a sense of wholesomeness. Typography: The primary font is a modern sans-serif font, easy to read and reflecting the brand's contemporary appeal. A secondary font may be used for headings and subheadings to add a touch of playfulness. Color Palette: The color palette comprises muted greens, soft yellows, and warm browns, reminiscent of nature and organic ingredients. Imagery: Use high-quality images that showcase the delicious granola snacks in natural settings, reflecting the brand's commitment to wholesome ingredients. Brand Voice: Maintain a friendly, approachable tone in all communications, while providing factual information about the snacks' organic origins and nutritional benefits. Packaging: Emphasize eco-friendly packaging in all product visuals and highlight the brand's dedication to sustainability. Consistency: Ensure consistent use of the logo, typography, color palette, and brand voice across all touchpoints, including website, social media, and advertising. By adhering to these guidelines, Foodie Snacks Inc. will build a strong and recognizable brand identity that resonates with health-conscious millennials, establishing its position as a leader in the organic granola snacks market within the packaged food industry.",[Company]: Green Thumb Landscaping [Offering]: Eco-friendly landscaping services [Target Customers]: Environmentally conscious homeowners [Industry]: Home and Garden Services,[Company]: Urban Cycle Works [Offering]: Modern city bicycles and accessories [Target Customers]: Urban commuters and cycling enthusiasts [Industry]: Bicycles and Sporting Goods
Language,"
Act as a Skincare Consultant with expert knowledge in dermatology-based skincare, ingredient science, and safe skin improvement practices.

Your role is to help users build effective, safe, and sustainable skincare routines tailored to their individual needs.

When responding:

1. Analyze the user's information, which may include:
- Skin type
- Skin concerns
- Current skincare routine
- Product preferences or restrictions
- Budget considerations
- Experience level with active ingredients

2. Create a personalized skincare plan that:
- Is simple and easy to follow daily
- Focuses on high-impact steps using the 80/20 principle
- Is budget-friendly when possible
- Builds on the user's current routine rather than replacing everything
- Introduces active ingredients gradually and safely
- Prioritizes skin barrier health and sun protection

3. Structure recommendations clearly with:
- Morning routine
- Evening routine
- Optional treatments or weekly steps
- Key ingredients to look for
- Tips for beginners and safety notes

4. Avoid overcomplicated routines. Favor minimal, evidence-based steps that provide the greatest benefit.

5. If important information is missing, ask clarifying questions before giving a full recommendation.

Your goal is to help users achieve healthier, clearer, and more balanced skin through practical and sustainable skincare habits.
","Analyze the writing style of [Text]. Identify key elements of the style, such as tone, sentence structure, vocabulary, grammar, and any distinctive features. Then output these features in concise language.
[Text]=In the annals of human history, one cannot help but marvel at the inexorable march of progress. Through the ages, mankind has displayed an unwavering commitment to the pursuit of knowledge, innovation, and enlightenment. It is with profound reverence that we acknowledge the monumental achievements that have propelled us forward, casting aside the shackles of ignorance and ushering in an era of boundless possibilities. As we stand on the precipice of the future, let us reflect upon the arduous journey that has brought us to this moment and contemplate the myriad prospects that await our endeavors.","The writing style of the text is formal and eloquent, characterized by a reflective and reverential tone. It utilizes complex sentence structures with multiple clauses and a rich, sophisticated vocabulary. The grammar is precise, and the prose employs rhetorical devices such as alliteration (""pursuit of progress"") and metaphor (""casting aside the shackles of ignorance""). The text also features a thematic focus on human achievement and progress, using historical reflection to inspire contemplation about future possibilities. Distinctive features include the use of archaic or formal words like ""annals,"" ""inexorable,"" and ""arduous,"" contributing to an overall style that is both grandiose and philosophical.","[Text]=Yo, check it out! History's like this crazy rollercoaster, right? People have been doing all kinds of cool stuff since forever. I mean, think about it, they went from riding horses to flying planes, from scribbling on cave walls to sending emojis on smartphones. It's like a never-ending adventure, and we're just strapped in for the ride. So, let's kick back, grab some popcorn, and enjoy the wild show that is the human story!","[Text]=Beneath the canvas of time's tapestry, humanity dances in kaleidoscopic hues. From primordial whispers in nature's ear to the symphony of progress, we have etched our journey on the parchment of existence. Each step, a brushstroke of destiny, each moment a verse in the epic of our souls. With every dawn, a new stanza unfurls, and we, mere stardust wanderers, waltz with the constellations. O, the story of us, written in the ink of stars, a cosmic ballet, a timeless sonnet."
Music,"
Act as a Skincare Consultant with expert knowledge in dermatology-based skincare, ingredient science, and safe skin improvement practices.

Your role is to help users build effective, safe, and sustainable skincare routines tailored to their individual needs.

When responding:

1. Analyze the user's information, which may include:
- Skin type
- Skin concerns
- Current skincare routine
- Product preferences or restrictions
- Budget considerations
- Experience level with active ingredients

2. Create a personalized skincare plan that:
- Is simple and easy to follow daily
- Focuses on high-impact steps using the 80/20 principle
- Is budget-friendly when possible
- Builds on the user's current routine rather than replacing everything
- Introduces active ingredients gradually and safely
- Prioritizes skin barrier health and sun protection

3. Structure recommendations clearly with:
- Morning routine
- Evening routine
- Optional treatments or weekly steps
- Key ingredients to look for
- Tips for beginners and safety notes

4. Avoid overcomplicated routines. Favor minimal, evidence-based steps that provide the greatest benefit.

5. If important information is missing, ask clarifying questions before giving a full recommendation.

Your goal is to help users achieve healthier, clearer, and more balanced skin through practical and sustainable skincare habits.
","Analyze the business side of the music industry, including the role of music labels, the impact of streaming services, and the economics of live tours and festivals. Discuss the challenges and opportunities faced by emerging artists in genres like [Genre 1] and [Genre 2].
[Genre 1]=Hip-Hop
[Genre 2]=Indie Rock","The business side of the music industry is multifaceted, involving various stakeholders including artists, music labels, streaming services, and live event organizers. Each element of this ecosystem plays a critical role in the economics and distribution of music. Here’s an analysis focusing on two specific genres: Hip-Hop and Indie Rock.

### Role of Music Labels

**Music Labels in Hip-Hop:**
- Major labels often dominate the commercial hip-hop scene, leveraging their financial muscle and extensive networks to promote artists, secure collaborations, and enhance visibility. They handle marketing, distribution, and often, artist development.
- Labels also negotiate deals that can significantly influence an artist's career through advances, royalty splits, and rights management.

**Music Labels in Indie Rock:**
- Indie Rock traditionally thrives under independent labels that are more attuned to the genre’s ethos of artistic freedom and uniqueness.
- These indie labels typically offer more favorable terms for artists concerning creative control and rights ownership. However, they might not always have the same promotional reach as the major labels.

### Impact of Streaming Services

**Streaming in Hip-Hop:**
- Streaming platforms have revolutionized how hip-hop music is consumed, providing artists with a direct route to global audiences without the traditional gatekeepers.
- The playlist culture on platforms like Spotify and Apple Music can significantly impact an artist’s visibility and financial success. Hip-hop often benefits from viral hits, which can rapidly increase streaming numbers.

**Streaming in Indie Rock:**
- Streaming services have also democratized access to indie rock, allowing smaller bands and artists to reach listeners worldwide which was previously unattainable without substantial label support.
- Despite this, the financial model of streaming pays less per play, which can be challenging for indie artists who may not accumulate large stream volumes.

### Economics of Live Tours and Festivals

**Live Performance in Hip-Hop:**
- Live tours and festivals are significant revenue streams for hip-hop artists. The live setting of hip-hop, with its energetic performances and direct fan interaction, plays well into the genre’s strengths.
- Merchandising and exclusive releases during tours can also be substantial income sources.

**Live Performance in Indie Rock:**
- Similar to hip-hop, live performances are crucial for indie rock bands. However, the scale and revenue can vary significantly. Indie bands often participate in smaller tours and festivals, which align with their audience's preference for intimate settings.
- Indie rock bands heavily rely on merchandise sales and special edition releases at performances to supplement their income from ticket sales.

### Challenges and Opportunities for Emerging Artists

**Challenges in Hip-Hop:**
- The market is highly competitive, with a constant influx of new talent and viral hits that can overshadow emerging artists.
- Navigating contracts and maintaining rights over music can be complex without proper guidance.

**Opportunities in Hip-Hop:**
- Viral potential on social media and streaming platforms offers a unique opportunity for rapid growth.
- Collaborations with established artists can provide a significant boost.

**Challenges in Indie Rock:**
- Financial constraints can be a significant barrier, given the less lucrative streaming payouts and the costs associated with touring.
- Gaining visibility in a saturated market where listener preferences can be highly specific and varied poses a challenge.

**Opportunities in Indie Rock:**
- There is a strong community and culture around indie music, which can be leveraged for support and growth through grassroots marketing and fan engagement.
- The rise of niche online platforms and independent radio stations also offers new channels for promotion.

In conclusion, while the music industry presents numerous hurdles to emerging artists in both hip-hop and indie rock, the evolving landscape also offers unique opportunities for growth and engagement. Understanding and navigating this terrain with strategic use of digital platforms, live performances, and community engagement can define the success of artists in these genres.","[Genre 1]=EDM
[Genre 2]=Country","[Genre 1]=Pop
[Genre 2]=Metal"
SEO,"
Act as a Skincare Consultant with expert knowledge in dermatology-based skincare, ingredient science, and safe skin improvement practices.

Your role is to help users build effective, safe, and sustainable skincare routines tailored to their individual needs.

When responding:

1. Analyze the user's information, which may include:
- Skin type
- Skin concerns
- Current skincare routine
- Product preferences or restrictions
- Budget considerations
- Experience level with active ingredients

2. Create a personalized skincare plan that:
- Is simple and easy to follow daily
- Focuses on high-impact steps using the 80/20 principle
- Is budget-friendly when possible
- Builds on the user's current routine rather than replacing everything
- Introduces active ingredients gradually and safely
- Prioritizes skin barrier health and sun protection

3. Structure recommendations clearly with:
- Morning routine
- Evening routine
- Optional treatments or weekly steps
- Key ingredients to look for
- Tips for beginners and safety notes

4. Avoid overcomplicated routines. Favor minimal, evidence-based steps that provide the greatest benefit.

5. If important information is missing, ask clarifying questions before giving a full recommendation.

Your goal is to help users achieve healthier, clearer, and more balanced skin through practical and sustainable skincare habits.
","Act as a website structure strategist and create an optimized SILO blueprint for a website targeting the keyword “[main keyword]” in the [niche] industry. Outline a complete SILO structure including:

1. Main content pillars based on semantic keyword clusters
2. Secondary subtopics within each pillar
3. Advice on interlinking content across pillars
4. Title and meta description for home page
5. Title recommendations for key content pages

Tailor all content topics specifically to the given main keyword and target niche, ensuring a cohesive and strategic architecture focused on ranking for that term.
[main keyword] = dog training
[niche] = pet care","To create an effective SILO structure for a website focused on ""dog training"" within the pet care niche, we need to organize content into distinct pillars that each target specific, related keyword clusters. This structure will not only help with SEO by boosting keyword relevance but also provide a clear, logical navigation path for users.

### Main Content Pillars
For ""dog training"", we can divide the content into several main pillars based on semantic keyword clusters:

1. **Basic Training Techniques**
2. **Advanced Training Strategies**
3. **Training Tools and Equipment**
4. **Behavioral Training**
5. **Training for Different Dog Breeds**

### Secondary Subtopics within Each Pillar
Each pillar will have several subtopics that delve deeper into specific aspects of the main topic.

#### 1. Basic Training Techniques
   - Puppy Training Basics
   - Obedience Commands (Sit, Stay, Come)
   - House Training
   - Leash Training

#### 2. Advanced Training Strategies
   - Agility Training
   - Service Dog Training
   - Protection Training
   - Trick Training

#### 3. Training Tools and Equipment
   - Choosing the Right Collars and Leashes
   - Benefits of Training Harnesses
   - Interactive Dog Training Toys
   - Training Clickers Explained

#### 4. Behavioral Training
   - Dealing with Aggression
   - Managing Anxiety and Fear
   - Barking and Howling Control
   - Socialization Techniques

#### 5. Training for Different Dog Breeds
   - Training Techniques for Large Dogs
   - Training Small Dog Breeds
   - Considerations for Training Older Dogs
   - Puppy vs. Adult Dog Training

### Advice on Interlinking Content Across Pillars
Interlinking should be strategically implemented to ensure users and search engines can navigate related topics easily:
- Link from basic training techniques to relevant advanced strategies (e.g., from ""Puppy Training Basics"" to ""Agility Training"" for older puppies).
- Connect tools and equipment directly to the training techniques they support (e.g., link ""Training Clickers Explained"" to ""Trick Training"").
- Behavioral issues can be linked from basic training pages where necessary (e.g., link from ""Leash Training"" to ""Dealing with Aggression"" when discussing aggressive behaviors on walks).
- Cross-link between similar topics across different breeds for nuanced understanding (e.g., ""Training Techniques for Large Dogs"" can link to ""Dealing with Aggression"" in behavioral training).

### Title and Meta Description for Home Page
- **Title:** Expert Dog Training Tips, Techniques, and Tools | [Brand Name]
- **Meta Description:** Discover professional dog training strategies, from basic obedience to advanced skills and behavior management. Explore essential tools and tailored advice for all breeds. Empower your pet today!

### Title Recommendations for Key Content Pages
1. **Basic Training Techniques:** ""Dog Training 101: Essential Techniques for Your Puppy""
2. **Advanced Training Strategies:** ""Advanced Dog Training: Elevate Your Dog's Skills""
3. **Training Tools and Equipment:** ""Top Dog Training Tools Reviewed: What Every Owner Needs""
4. **Behavioral Training:** ""Solving Behavioral Issues: Expert Advice for a Well-Behaved Dog""
5. **Training for Different Dog Breeds:** ""Breed-Specific Dog Training: Custom Tips for Effective Learning""

By following this SILO structure, the website will be well-organized around the main keyword ""dog training"", supporting both user experience and SEO objectives. Each pillar and subtopic should be rich with valuable, keyword-optimized content that addresses specific user queries and needs within the pet care niche.","[main keyword] = sustainable gardening

[niche] = environmental sustainability","[main keyword] = organic cooking

[niche] = healthy eating and lifestyle"
Sports,"
Act as a Skincare Consultant with expert knowledge in dermatology-based skincare, ingredient science, and safe skin improvement practices.

Your role is to help users build effective, safe, and sustainable skincare routines tailored to their individual needs.

When responding:

1. Analyze the user's information, which may include:
- Skin type
- Skin concerns
- Current skincare routine
- Product preferences or restrictions
- Budget considerations
- Experience level with active ingredients

2. Create a personalized skincare plan that:
- Is simple and easy to follow daily
- Focuses on high-impact steps using the 80/20 principle
- Is budget-friendly when possible
- Builds on the user's current routine rather than replacing everything
- Introduces active ingredients gradually and safely
- Prioritizes skin barrier health and sun protection

3. Structure recommendations clearly with:
- Morning routine
- Evening routine
- Optional treatments or weekly steps
- Key ingredients to look for
- Tips for beginners and safety notes

4. Avoid overcomplicated routines. Favor minimal, evidence-based steps that provide the greatest benefit.

5. If important information is missing, ask clarifying questions before giving a full recommendation.

Your goal is to help users achieve healthier, clearer, and more balanced skin through practical and sustainable skincare habits.
","Explore the role of technology in modernizing training methods in [Sport]. Analyze how advancements in equipment, software, and data analytics have transformed coaching strategies and athlete development.
[Sport]=tennis","In the sport of tennis, technology has played a significant role in modernizing training methods, transforming coaching strategies, and enhancing athlete development. Advancements in equipment, software, and data analytics have revolutionized the way players train, receive feedback, and improve their performance on the court. 1. **Equipment**: - **Racquet Technology**: Tennis racquet technology has evolved significantly over the years, with manufacturers using advanced materials and designs to improve power, control, and spin. Players can now customize their racquets to suit their playing style and preferences, thanks to innovations in string technology and frame construction. - **Wearable Technology**: Players can now use wearable devices such as smart sensors and smartwatches to track their performance metrics, including stroke count, speed, spin, and heart rate. This data provides valuable insights into their game and allows coaches to tailor training programs accordingly. 2. **Software**: - **Video Analysis**: Coaches and players can use video analysis software to break down and analyze match footage, identify areas for improvement, and refine techniques. Video analysis tools allow for frame-by-frame playback, annotations, and side-by-side comparisons, helping players understand their strengths and weaknesses. - **Virtual Reality**: Virtual reality (VR) technology is being used in tennis training to simulate match scenarios, improve decision-making, and enhance mental preparation. Players can practice against virtual opponents and experience realistic game situations without the need for a physical court. 3. **Data Analytics**: - **Performance Tracking**: Data analytics tools can track and analyze various performance metrics, such as shot placement, speed, and consistency. Coaches can use this data to identify patterns, monitor progress, and make data-driven decisions to optimize training programs. - **Match Analysis**: Advanced analytics software can analyze match data, including opponent tendencies, game patterns, and performance benchmarks. This information helps players and coaches develop strategic game plans, adjust tactics during matches, and exploit opponents' weaknesses. Overall, technology has empowered tennis players and coaches to enhance their training methods, improve performance, and achieve their full potential on the court. By leveraging equipment innovations, software tools, and data analytics, athletes can fine-tune their skills, adapt to changing game dynamics, and stay ahead of the competition in the modern era of tennis.",[Sport]=basketball,[Sport]=swimming
Study,"
Act as a Skincare Consultant with expert knowledge in dermatology-based skincare, ingredient science, and safe skin improvement practices.

Your role is to help users build effective, safe, and sustainable skincare routines tailored to their individual needs.

When responding:

1. Analyze the user's information, which may include:
- Skin type
- Skin concerns
- Current skincare routine
- Product preferences or restrictions
- Budget considerations
- Experience level with active ingredients

2. Create a personalized skincare plan that:
- Is simple and easy to follow daily
- Focuses on high-impact steps using the 80/20 principle
- Is budget-friendly when possible
- Builds on the user's current routine rather than replacing everything
- Introduces active ingredients gradually and safely
- Prioritizes skin barrier health and sun protection

3. Structure recommendations clearly with:
- Morning routine
- Evening routine
- Optional treatments or weekly steps
- Key ingredients to look for
- Tips for beginners and safety notes

4. Avoid overcomplicated routines. Favor minimal, evidence-based steps that provide the greatest benefit.

5. If important information is missing, ask clarifying questions before giving a full recommendation.

Your goal is to help users achieve healthier, clearer, and more balanced skin through practical and sustainable skincare habits.
","Create a self-help guide for entrepreneurs in [Your Business Field]. This guide should cover essential strategies and practical advice for starting and growing a business in this specific field. Include topics like market analysis, funding options, product development, branding, customer acquisition, and scaling strategies. Tailor the guide to address common challenges and opportunities unique to [Your Business Field], and provide actionable tips and real-world examples to help readers apply these concepts to their own ventures.
[Your Business Field]=e-commerce","# The Essential Self-Help Guide for E-Commerce Entrepreneurs

Starting and growing an e-commerce business can be both exhilarating and challenging. With the right strategies, you can carve out a successful path in the bustling digital marketplace. This guide provides you with crucial insights and practical advice tailored specifically for the e-commerce industry.

## 1. Market Analysis

### Understand Your Niche:
- **Research Trends**: Use tools like Google Trends, and platforms like Trend Hunter to understand what products are currently in demand.
- **Competitor Analysis**: Analyze what your competitors are doing right and wrong. Tools like SEMrush and Ahrefs can help you understand their traffic sources and SEO strategies.

### Identify Your Target Audience:
- **Demographics and Psychographics**: Understand who your customers are, what they like, what they need, and how they shop.
- **Customer Personas**: Create detailed profiles for different segments of your market to tailor your marketing strategies effectively.

## 2. Funding Options

### Bootstrapping:
- Start small with your own savings, minimizing external pressures and retaining control.

### Venture Capital and Angel Investors:
- Suitable for high-growth potential e-commerce businesses that need significant capital.

### Crowdfunding:
- Platforms like Kickstarter or Indiegogo can help not only in raising funds but also in validating your product and gaining early adopters.

### Small Business Loans:
- Explore options like SBA loans which are designed to help small businesses get started.

## 3. Product Development

### MVP (Minimum Viable Product):
- Launch a product with basic features to gauge customer interest and gather feedback.

### Customer Feedback:
- Use surveys, social media polls, and review data to refine your product.

### Quality Assurance:
- Implement rigorous testing of your product to ensure customer satisfaction and reduce returns.

## 4. Branding and Marketing

### Unique Selling Proposition (USP):
- Clearly define what makes your product or brand stand out from the competition.

### Online Presence:
- Develop a user-friendly website and optimize it for SEO.
- Leverage social media platforms tailored to where your audiences hang out (Instagram, Pinterest, Facebook, etc.).

### Content Marketing:
- Create value-driven content that addresses customer pain points, educates, and entertains.

### Email Marketing:
- Build a subscriber list and engage them with regular updates, promotions, and personalized offers.

## 5. Customer Acquisition

### SEO:
- Optimize your website and content to rank higher in search engine results, driving organic traffic.

### PPC Advertising:
- Use platforms like Google Ads and Facebook Ads for targeted advertising.

### Social Media Marketing:
- Engage with your audience, run contests, and create shareable content.

### Influencer Partnerships:
- Collaborate with influencers who can authentically endorse your products to their followers.

## 6. Scaling Strategies

### Automation:
- Use tools like Shopify for inventory management, and HubSpot for marketing automation to streamline operations.

### Expansion:
- Consider expanding your product line, entering new markets, or scaling up your marketing efforts.

### Outsourcing:
- As you grow, outsource non-core activities like customer service or fulfillment to manage workload and focus on growth.

### Data Analytics:
- Regularly analyze data from your sales and marketing platforms to optimize your strategies.

## Real-World Example:

**Case Study: Bellroy**
Bellroy, an e-commerce company specializing in wallets, used detailed market research to identify a gap in the market for slim, stylish wallets. They focused on high-quality materials and innovative designs, backed by strong branding and smart SEO strategies. Through effective use of video marketing and influencer partnerships, they were able to significantly boost their online presence and sales.

## Conclusion

Starting an e-commerce business involves understanding your market, creating a compelling product, and effectively using digital marketing strategies to attract and retain customers. By focusing on these critical areas, continuously gathering and acting on customer feedback, and scaling wisely, you can build a successful e-commerce business that stands the test of time.",[Your Business Field]=hospitality industry,[Your Business Field]=health and wellness coaching
Translate,"
Act as a Skincare Consultant with expert knowledge in dermatology-based skincare, ingredient science, and safe skin improvement practices.

Your role is to help users build effective, safe, and sustainable skincare routines tailored to their individual needs.

When responding:

1. Analyze the user's information, which may include:
- Skin type
- Skin concerns
- Current skincare routine
- Product preferences or restrictions
- Budget considerations
- Experience level with active ingredients

2. Create a personalized skincare plan that:
- Is simple and easy to follow daily
- Focuses on high-impact steps using the 80/20 principle
- Is budget-friendly when possible
- Builds on the user's current routine rather than replacing everything
- Introduces active ingredients gradually and safely
- Prioritizes skin barrier health and sun protection

3. Structure recommendations clearly with:
- Morning routine
- Evening routine
- Optional treatments or weekly steps
- Key ingredients to look for
- Tips for beginners and safety notes

4. Avoid overcomplicated routines. Favor minimal, evidence-based steps that provide the greatest benefit.

5. If important information is missing, ask clarifying questions before giving a full recommendation.

Your goal is to help users achieve healthier, clearer, and more balanced skin through practical and sustainable skincare habits.
","Evaluate the effectiveness of real-time translation tools during international business meetings, focusing on the translation of technical and industry-specific terms from [Language of Origin] to [Language of Destination]. Provide an analysis of how these tools impact communication and decision-making processes.
[Language of Origin]=Japanese [Language of Destination]=German","Real-time translation tools have proven to be quite effective during international business meetings, especially when it comes to translating technical and industry-specific terms from Japanese to German. These tools play a crucial role in bridging the language gap and facilitating smooth communication between Japanese and German-speaking participants. 1. **Accuracy**: Real-time translation tools have significantly improved in terms of accuracy over the years, especially when translating technical terms. They use advanced algorithms and machine learning to accurately translate complex terms, ensuring that the meaning is not lost in translation. This accuracy is crucial in ensuring that all participants understand the technical discussions and concepts being presented. 2. **Efficiency**: These tools help in speeding up the communication process by providing instant translations. Participants do not have to wait for manual translations or clarification, allowing discussions to flow smoothly and decisions to be made promptly. This efficiency is particularly important in fast-paced business meetings where time is of the essence. 3. **Clarity**: Real-time translation tools help in ensuring clarity in communication by providing precise translations of industry-specific terms. This clarity reduces the chances of misunderstandings or misinterpretations, thereby facilitating more effective communication and decision-making processes. 4. **Enhanced Collaboration**: By breaking down language barriers, these tools promote collaboration between participants from different linguistic backgrounds. They enable all participants to actively engage in discussions, share their perspectives, and contribute to the decision-making process. This enhanced collaboration leads to more comprehensive and well-informed decisions. 5. **Cost-effective**: Using real-time translation tools can be a cost-effective solution compared to hiring professional interpreters for every meeting. These tools provide instant translations at a fraction of the cost, making them a practical choice for businesses looking to conduct international meetings on a regular basis. In conclusion, real-time translation tools have significantly improved the effectiveness of international business meetings by enabling the accurate translation of technical and industry-specific terms from Japanese to German. These tools enhance communication, decision-making processes, collaboration, and overall meeting efficiency, making them indispensable assets in today's globalized business environment.",[Language of Origin]=French [Language of Destination]=Spanish,[Language of Origin]=Russian [Language of Destination]=English
Travel,"
Act as a Skincare Consultant with expert knowledge in dermatology-based skincare, ingredient science, and safe skin improvement practices.

Your role is to help users build effective, safe, and sustainable skincare routines tailored to their individual needs.

When responding:

1. Analyze the user's information, which may include:
- Skin type
- Skin concerns
- Current skincare routine
- Product preferences or restrictions
- Budget considerations
- Experience level with active ingredients

2. Create a personalized skincare plan that:
- Is simple and easy to follow daily
- Focuses on high-impact steps using the 80/20 principle
- Is budget-friendly when possible
- Builds on the user's current routine rather than replacing everything
- Introduces active ingredients gradually and safely
- Prioritizes skin barrier health and sun protection

3. Structure recommendations clearly with:
- Morning routine
- Evening routine
- Optional treatments or weekly steps
- Key ingredients to look for
- Tips for beginners and safety notes

4. Avoid overcomplicated routines. Favor minimal, evidence-based steps that provide the greatest benefit.

5. If important information is missing, ask clarifying questions before giving a full recommendation.

Your goal is to help users achieve healthier, clearer, and more balanced skin through practical and sustainable skincare habits.
","List and describe the Top 5 Historical Adventures based on [Adventure Description] and [Historical Periods of Interest]. For each adventure, provide a detailed account of the activities, the historical context, and the unique aspects that make it a compelling experience. Highlight how each adventure allows travelers to immerse themselves in the chosen historical periods, offering insights into the culture, events, and lifestyle of those times.
[Adventure Description]=exploring ancient ruins
[Historical Periods of Interest]=Mayan civilization","Exploring the ancient ruins of the Mayan civilization offers a unique adventure into one of history’s most intriguing cultures, known for its sophisticated writing, astronomical systems, and complex societal structures. Here are the top 5 historical adventures that delve deep into Mayan history, each providing a distinct experience of this ancient civilization.

### 1. **Tikal: Journey to the City of Echoes**
   - **Location:** Northern Guatemala
   - **Activities:** Guided tours of massive temple complexes like Temple IV, the tallest pre-Columbian structure in the Americas; jungle hikes; wildlife spotting including howler monkeys and toucans; sunrise tours to experience the jungle awakening.
   - **Historical Context:** Once a thriving metropolis of the Maya classic period (AD 200 to 900), Tikal was a political, economic, and military center. It features sprawling plazas, majestic temples, and ancient palaces.
   - **Unique Aspects:** The site's remote location in the dense rainforest offers an authentic adventure feel. The early morning or late evening tours allow for experiencing the site with fewer visitors and the eerie calls of the howler monkeys add to the mystical ambiance.

### 2. **Copán: The Sculpture Museum in Stone**
   - **Location:** Western Honduras
   - **Activities:** Exploring detailed stone sculptures and hieroglyphics; visiting the Hieroglyphic Stairway, the longest text in the Maya world; tours of residential complexes; visits to the site museums.
   - **Historical Context:** Known for its artistic achievements, Copán was a cultural and civilizational hub from the 5th to 9th centuries AD. It's especially renowned for its sculptural art which depicts the history and lineage of its rulers.
   - **Unique Aspects:** Copán provides a deeper understanding of Mayan social structure and cosmology, depicted vividly in its art. The intricately carved stelae and detailed altars offer a detailed peek into the spiritual and everyday lives of the Maya.

### 3. **Chichen Itza: The Icon of Maya-Toltec Civilization**
   - **Location:** Yucatán, Mexico
   - **Activities:** Tours of the iconic El Castillo pyramid; visits to the Great Ball Court and the Sacred Cenote; light and sound shows in the evenings.
   - **Historical Context:** This site represents the fusion of Maya and Toltec cultures, flourishing from AD 600 to 1200. It was a major economic and religious center.
   - **Unique Aspects:** Chichen Itza's architectural styles and the phenomena of the serpent shadow during equinoxes highlight the advanced astronomical and architectural knowledge of the Maya.

### 4. **Palenque: The Mystical Hill City**
   - **Location:** Chiapas, Mexico
   - **Activities:** Exploring palace complexes; visiting the Temple of Inscriptions, which houses the tomb of the ruler Pakal; jungle surrounding tours for a biodiversity experience.
   - **Historical Context:** An important city-state in Mayan history, Palenque is famous for its architectural sophistication and bas-relief carvings that provide insights into Mayan mythology and rituals.
   - **Unique Aspects:** Less crowded than other Mayan sites, Palenque offers a tranquil yet profound connection with Mayan architectural elegance, surrounded by the lush greenery of the Chiapas rainforest.

### 5. **Caracol: The Supremacy of the Snail**
   - **Location:** Cayo District, Belize
   - **Activities:** Exploring the massive Caana (Sky Palace) pyramid; viewing ancient astronomical observatory structures; hiking through dense forests; spotting diverse wildlife.
   - **Historical Context:** Known for its military victories over Tikal and other powerful city-states, Caracol was a formidable force in the southern Maya lowlands during the classic period.
   - **Unique Aspects:** The adventure to Caracol is as thrilling as the exploration itself, involving a journey deep into Belize’s Chiquibul Forest, making it a perfect combination of nature and archaeology.

Each of these adventures offers a distinct window into the Mayan civilization, allowing travelers to not only see the remnants of this great culture but to feel the spirit of the people who once walked these ancient cities. Through these explorations, one gains a deeper appreciation for the Mayan contributions to art, science, and society.","[Adventure Description]=reenacting historical battles
[Historical Periods of Interest]=Medieval Europe","[Adventure Description]=visiting UNESCO World Heritage sites
[Historical Periods of Interest]=Ancient Egypt"
Writing,"
Act as a Skincare Consultant with expert knowledge in dermatology-based skincare, ingredient science, and safe skin improvement practices.

Your role is to help users build effective, safe, and sustainable skincare routines tailored to their individual needs.

When responding:

1. Analyze the user's information, which may include:
- Skin type
- Skin concerns
- Current skincare routine
- Product preferences or restrictions
- Budget considerations
- Experience level with active ingredients

2. Create a personalized skincare plan that:
- Is simple and easy to follow daily
- Focuses on high-impact steps using the 80/20 principle
- Is budget-friendly when possible
- Builds on the user's current routine rather than replacing everything
- Introduces active ingredients gradually and safely
- Prioritizes skin barrier health and sun protection

3. Structure recommendations clearly with:
- Morning routine
- Evening routine
- Optional treatments or weekly steps
- Key ingredients to look for
- Tips for beginners and safety notes

4. Avoid overcomplicated routines. Favor minimal, evidence-based steps that provide the greatest benefit.

5. If important information is missing, ask clarifying questions before giving a full recommendation.

Your goal is to help users achieve healthier, clearer, and more balanced skin through practical and sustainable skincare habits.
","Act as a thought leader creating a compelling [Number of tweets]-tweet Twitter thread about [Topic] tailored for [Target audience]. Ensure an intriguing opening, seamless flow, and viral shareability. Incorporate statistics, expert opinions, hypothetical scenarios, and calls-to-action. Format as a first-person perspective focusing on being [Tone]. Provide [Number of tweets] tweet drafts optimized to captivate and inspire discussions about this topic.
[Topic]: Environmental sustainability [Target Audience]: Climate change activists [Tone]: Urgent and inspiring [Number of tweets]: 12","_���_��� Thread: Igniting Action for Environmental Sustainability _��� 1/ Hey there, fellow climate change activists! _��� Let's dive deep into a topic close to our hearts: environmental sustainability. The clock is ticking, but together, we have the power to make a transformative impact! _��� #SustainabilityMatters #ActNow 2/ _��� Did you know? Our planet has lost 50% of its coral reefs in just the last 30 years. _��� These vibrant ecosystems are a vital part of marine life and our fight against climate change. It's time to amplify our efforts and #SaveOurReefs! _���_��� 3/ Picture this: _��� Imagine cities powered by 100% renewable energy. _��� The transition is possible, and the benefits are endless: cleaner air, lower greenhouse gas emissions, and a sustainable future for generations to come. Let's demand clean energy policies now! _���_������ #RenewableFuture 4/ Expert insight: _��� ""Every action we take today shapes the world our children will inherit tomorrow."" _��� Let's channel our passion into actions like reducing plastic use. Small changes lead to big impacts, so let's embrace eco-friendly alternatives! _���_��� #BeTheChange #PlasticFree 5/ Time is of the essence! ��_ Forests are our allies in the fight against climate change, absorbing carbon dioxide and providing biodiversity hotspots. By 2030, we could lose 170 million hectares of forest. Let's prioritize reforestation and halt deforestation! _��__��� #RestoreOurEarth 6/ Imagine a world where our oceans thrive, free from plastic pollution. _��� It's within our reach! Let's join forces to clean up beaches, support bans on single-use plastics, and spread awareness about the urgency of preserving marine life. _���_��� #CleanOceans #BeatPlasticPollution 7/ Inspiring case study: _��� The city of Copenhagen transformed its transportation system, reducing carbon emissions by 40% since 2005. This success story proves that sustainable urban planning can create healthier, greener cities. Let's demand change in our own communities! _������������_��� #GreenCities 8/ _������ Our planet is warming at an alarming rate, with dire consequences for ecosystems and vulnerable communities. We must rally behind climate justice, supporting those most affected by environmental degradation. Together, we can be catalysts for positive change! _���_�_� #ClimateJustice 9/ Hypothetical scenario: _������ Imagine a world where extreme weather events intensify, displacing millions. We have the power to prevent this. By advocating for policies that prioritize resilience and sustainability, we safeguard our future. Let's be resilient activists! _���_��� #ActForChange 10/ Innovation alert: _��� Breakthroughs in sustainable agriculture can feed our growing population while minimizing environmental impact. From vertical farms to regenerative practices, let's champion these solutions and ensure food security for all. _��__��� #SustainableFoodFuture 11/ ""The greatest threat to our planet is the belief that someone else will save it."" Let's debunk this myth! It's up to us to drive change and create a sustainable world. Share your eco-friendly tips, engage in meaningful discussions, and keep the momentum going! _������ #OwnTheChange 12/ _��� Every action counts, and our collective voice is a force to be reckoned with. As climate change activists, let's inspire, mobilize, and ignite change. The time for environmental sustainability is now. Together, we can create a legacy of a thriving planet for all! _���_��� #BeTheHope Spread the word, ignite discussions, and let's make this thread a rallying cry for environmental sustainability! _���_���_��� #SustainabilityRevolution #TogetherForChange",[Topic]: Mental Health Awareness [Target Audience]: Young adults struggling with mental health [Tone]: Supportive and empathetic,[Topic]: Personal Finance Tips [Target Audience]: Millennials managing their finances [Tone]: Informative and practical
